<?xml version="1.0" encoding="UTF-8"?>
<!DOCTYPE suite SYSTEM "https://testng.org/testng-1.0.dtd">
<suite name="Suite">
  <test thread-count="5" name="Test1">
	  
	  <groups>
		  <run>
			  <include name="sanity.*"></include></run>
	  </groups>
	  
    <classes>
      <class name="TestNgPractice.TestNgGroupsEx"/>
      
     
    </classes>
  </test>
  
  
  <test thread-count="5" name="Test2">
	   <groups>
		  <run>
			  <include name="regression"></include></run>
	  </groups>
    <classes>
      <class name="TestNgPractice.TestNgGroupsEx"/>
     
     
    </classes>
  </test>
  
  
  
   <!-- Test -->
</suite> <!-- Suite -->