<?xml version="1.0" encoding="UTF-8"?>
<!DOCTYPE suite SYSTEM "https://testng.org/testng-1.0.dtd">
<suite name="Suite">
  <test thread-count="5" name="FireFoxTesting">
	  <parameter name="browser" value="firefox"></parameter>
    <classes>
      <class name="TestNgPractice.CrossBrowserTestingExample"/>
     
     
    </classes>
  </test>
  
  
  <test thread-count="5" name="ChromeTesting">
	  <parameter name="browser" value="chrome"></parameter>
    <classes>
      <class name="TestNgPractice.CrossBrowserTestingExample"/>
     
     
    </classes>
  </test>
  
  
  <test thread-count="5" name="EdgeTesting">
	  <parameter name="browser" value="edge"></parameter>
    <classes>
      <class name="TestNgPractice.CrossBrowserTestingExample"/>
     
     
    </classes>
  </test>
  
  
  
  
  
  
  
   <!-- Test -->
</suite> <!-- Suite -->